,word,count,Sentiment,country
0,product,241,Neutral,TH
1,long,188,Neutral,TH
2,slow,122,Neutral,TH
3,time,122,Neutral,TH
4,shop,117,Neutral,TH
5,delivery,99,Neutral,TH
6,received,76,Neutral,TH
7,order,72,Neutral,TH
8,wait,70,Neutral,TH
9,slowly,69,Neutral,TH
10,good,66,Positive,TH
11,price,64,Neutral,TH
12,send,63,Neutral,TH
13,broken,60,Negative,TH
14,damaged,56,Negative,TH
15,fast,55,Neutral,TH
16,little,47,Neutral,TH
17,use,46,Neutral,TH
18,delivered,44,Neutral,TH
19,quality,42,Neutral,TH
20,products,42,Neutral,TH
21,problem,41,Negative,TH
22,quite,41,Neutral,TH
23,transport,40,Neutral,TH
24,used,38,Neutral,TH
25,days,38,Neutral,TH
26,ordered,38,Neutral,TH
27,box,38,Neutral,TH
28,protein,38,Neutral,TH
29,waiting,37,Neutral,TH
30,bad,37,Negative,TH
31,dont,36,Neutral,TH
32,color,36,Neutral,TH
33,damage,33,Negative,TH
34,get,33,Neutral,TH
35,sent,33,Neutral,TH
36,star,32,Neutral,TH
37,day,32,Neutral,TH
38,must,31,Neutral,TH
39,isolate,31,Negative,TH
40,item,30,Neutral,TH
41,try,30,Neutral,TH
42,bag,30,Neutral,TH
43,guisology,30,Neutral,TH
44,pack,28,Neutral,TH
45,buy,28,Neutral,TH
46,know,28,Neutral,TH
47,well,28,Positive,TH
48,many,27,Neutral,TH
49,first,27,Neutral,TH
50,still,26,Neutral,TH
51,transportation,25,Neutral,TH
52,lot,25,Neutral,TH
53,according,25,Neutral,TH
54,service,23,Neutral,TH
55,enough,23,Neutral,TH
56,cancel,23,Negative,TH
57,wrong,22,Negative,TH
58,wrapped,22,Neutral,TH
59,like,22,Positive,TH
60,answer,21,Neutral,TH
61,soft,21,Neutral,TH
62,considered,21,Neutral,TH
63,complete,20,Neutral,TH
64,okay,20,Positive,TH
65,ok,19,Positive,TH
66,soy,19,Neutral,TH
67,another,18,Neutral,TH
68,cheap,18,Neutral,TH
69,machine,18,Neutral,TH
70,waste,17,Negative,TH
71,overall,16,Neutral,TH
72,disappointed,16,Negative,TH
73,sensitive,16,Neutral,TH
74,would,15,Neutral,TH
75,longer,15,Neutral,TH
76,pay,15,Negative,TH
77,delay,15,Negative,TH
78,people,15,Neutral,TH
79,think,15,Neutral,TH
80,whey,15,Neutral,TH
81,suck,15,Negative,TH
82,difficult,14,Negative,TH
83,round,14,Neutral,TH
84,baht,14,Neutral,TH
85,hurry,14,Neutral,TH
86,see,14,Neutral,TH
87,put,13,Neutral,TH
88,bit,13,Neutral,TH
89,doesnt,13,Neutral,TH
90,air,13,Neutral,TH
91,one,13,Neutral,TH
92,takes,13,Neutral,TH
93,want,13,Positive,TH
94,eat,13,Neutral,TH
95,enemy,13,Negative,TH
96,inexpensive,12,Neutral,TH
97,quickly,12,Neutral,TH
98,bubble,12,Neutral,TH
99,shipping,12,Neutral,TH
100,press,12,Neutral,TH
101,problems,12,Negative,TH
102,say,12,Neutral,TH
103,delayed,12,Negative,TH
104,date,12,Neutral,TH
105,back,12,Neutral,TH
106,thick,12,Neutral,TH
107,person,12,Neutral,TH
108,hot,12,Neutral,TH
109,guidus,12,Neutral,TH
110,understand,11,Neutral,TH
111,size,11,Neutral,TH
112,find,11,Neutral,TH
113,plus,11,Neutral,TH
114,worth,11,Positive,TH
115,much,11,Neutral,TH
116,sending,11,Neutral,TH
117,taste,11,Neutral,TH
118,soi,11,Neutral,TH
119,permanent,11,Neutral,TH
120,take,10,Neutral,TH
121,company,10,Neutral,TH
122,normal,10,Neutral,TH
123,normally,10,Neutral,TH
124,stars,10,Neutral,TH
125,chat,10,Neutral,TH
126,sound,10,Neutral,TH
127,told,10,Neutral,TH
128,come,10,Neutral,TH
129,sucked,10,Negative,TH
130,customer,10,Neutral,TH
131,lb,10,Neutral,TH
132,non,10,Neutral,TH
133,everything,9,Neutral,TH
134,without,9,Neutral,TH
135,wrap,9,Neutral,TH
136,answered,9,Neutral,TH
137,suitable,9,Neutral,TH
138,comes,9,Neutral,TH
139,line,9,Neutral,TH
140,ask,9,Neutral,TH
141,look,9,Neutral,TH
142,big,9,Neutral,TH
143,later,9,Neutral,TH
144,customers,9,Neutral,TH
145,package,9,Neutral,TH
146,call,9,Neutral,TH
147,fat,9,Neutral,TH
148,reduce,9,Neutral,TH
149,services,9,Neutral,TH
150,completely,8,Neutral,TH
151,bought,8,Neutral,TH
152,new,8,Neutral,TH
153,yet,8,Neutral,TH
154,didnt,8,Neutral,TH
155,cover,8,Neutral,TH
156,inside,8,Neutral,TH
157,flash,8,Neutral,TH
158,thin,8,Neutral,TH
159,fear,8,Negative,TH
160,grams,8,Neutral,TH
161,condition,8,Neutral,TH
162,weight,8,Neutral,TH
163,black,8,Neutral,TH
164,items,7,Neutral,TH
165,choose,7,Neutral,TH
166,stick,7,Neutral,TH
167,strong,7,Positive,TH
168,anything,7,Neutral,TH
169,picture,7,Neutral,TH
170,right,7,Neutral,TH
171,also,7,Neutral,TH
172,relatively,7,Neutral,TH
173,per,7,Neutral,TH
174,lose,7,Negative,TH
175,expensive,7,Neutral,TH
176,never,7,Neutral,TH
177,brand,7,Neutral,TH
178,device,7,Neutral,TH
179,terrible,7,Negative,TH
180,check,7,Neutral,TH
181,pain,7,Negative,TH
182,came,7,Neutral,TH
183,confused,7,Negative,TH
184,pressed,7,Neutral,TH
185,sale,7,Neutral,TH
186,sleep,7,Neutral,TH
187,store,7,Neutral,TH
188,gray,7,Neutral,TH
189,deliver,7,Neutral,TH
190,eating,7,Neutral,TH
191,prepare,7,Neutral,TH
192,increase,7,Positive,TH
193,read,7,Neutral,TH
194,suction,7,Neutral,TH
195,short,7,Neutral,TH
196,guisusology,7,Neutral,TH
197,enems,7,Neutral,TH
198,refused,7,Negative,TH
199,said,7,Neutral,TH
200,seller,7,Neutral,TH
201,response,7,Neutral,TH
202,poor,7,Negative,TH
203,pan,7,Neutral,TH
204,every,6,Neutral,TH
205,staff,6,Neutral,TH
206,available,6,Neutral,TH
207,request,6,Neutral,TH
208,system,6,Neutral,TH
209,diver,6,Neutral,TH
210,exactly,6,Neutral,TH
211,stores,6,Neutral,TH
212,change,6,Neutral,TH
213,us,6,Neutral,TH
214,week,6,Neutral,TH
215,stuck,6,Negative,TH
216,dhl,6,Neutral,TH
217,tight,6,Neutral,TH
218,sitting,6,Neutral,TH
219,hurt,6,Negative,TH
220,parcel,6,Neutral,TH
221,tried,6,Neutral,TH
222,may,6,Neutral,TH
223,fully,6,Neutral,TH
224,smell,6,Neutral,TH
225,timethe,6,Neutral,TH
226,feel,6,Neutral,TH
227,light,6,Neutral,TH
228,packing,6,Neutral,TH
229,kerry,6,Neutral,TH
230,chocolate,6,Neutral,TH
231,using,6,Neutral,TH
232,carpet,6,Neutral,TH
233,please,6,Positive,TH
234,hair,6,Neutral,TH
235,review,6,Neutral,TH
236,preorder,6,Neutral,TH
237,drops,6,Neutral,TH
238,rod,6,Neutral,TH
239,contact,6,Neutral,TH
240,accurate,5,Neutral,TH
241,bigger,5,Neutral,TH
242,cannot,5,Neutral,TH
243,found,5,Neutral,TH
244,looks,5,Neutral,TH
245,layer,5,Neutral,TH
246,productthe,5,Neutral,TH
247,impressed,5,Positive,TH
248,piece,5,Neutral,TH
249,orderedthe,5,Neutral,TH
250,chance,5,Positive,TH
251,slowbut,5,Neutral,TH
252,productbut,5,Neutral,TH
253,side,5,Neutral,TH
254,brands,5,Neutral,TH
255,recommended,5,Positive,TH
256,slower,5,Neutral,TH
257,two,5,Neutral,TH
258,already,5,Neutral,TH
259,correct,5,Neutral,TH
260,straight,5,Positive,TH
261,collapse,5,Negative,TH
262,slowlybut,5,Neutral,TH
263,high,5,Neutral,TH
264,shipped,5,Neutral,TH
265,deduct,5,Neutral,TH
266,blame,5,Negative,TH
267,less,5,Neutral,TH
268,follow,5,Neutral,TH
269,green,5,Neutral,TH
270,water,5,Neutral,TH
271,bags,5,Neutral,TH
272,slowthe,5,Neutral,TH
273,muscle,5,Neutral,TH
274,work,5,Neutral,TH
275,way,5,Neutral,TH
276,secretly,5,Neutral,TH
277,even,5,Neutral,TH
278,loud,5,Neutral,TH
279,dust,5,Neutral,TH
280,tell,5,Neutral,TH
281,probably,5,Neutral,TH
282,heavy,5,Neutral,TH
283,connect,5,Neutral,TH
284,code,5,Neutral,TH
285,talk,5,Neutral,TH
286,standard,5,Neutral,TH
287,need,5,Neutral,TH
288,wholesale,5,Neutral,TH
289,express,5,Neutral,TH
290,second,4,Neutral,TH
291,timebut,4,Neutral,TH
292,floor,4,Neutral,TH
293,plastic,4,Neutral,TH
294,afraid,4,Neutral,TH
295,pricethe,4,Neutral,TH
296,question,4,Neutral,TH
297,full,4,Neutral,TH
298,btu,4,Neutral,TH
299,cant,4,Neutral,TH
300,cut,4,Negative,TH
301,technician,4,Neutral,TH
302,informed,4,Neutral,TH
303,cold,4,Neutral,TH
304,fee,4,Neutral,TH
305,times,4,Neutral,TH
306,thinking,4,Neutral,TH
307,purchase,4,Neutral,TH
308,conclusion,4,Neutral,TH
309,zip,4,Neutral,TH
310,give,4,Neutral,TH
311,sit,4,Neutral,TH
312,affordable,4,Neutral,TH
313,go,4,Neutral,TH
314,goodbut,4,Neutral,TH
315,maybe,4,Neutral,TH
316,small,4,Neutral,TH
317,done,4,Neutral,TH
318,mouth,4,Neutral,TH
319,orders,4,Neutral,TH
320,bed,4,Neutral,TH
321,including,4,Neutral,TH
322,yesterday,4,Neutral,TH
323,evening,4,Neutral,TH
324,best,4,Positive,TH
325,noon,4,Neutral,TH
326,sales,4,Neutral,TH
327,lets,4,Neutral,TH
328,thought,4,Neutral,TH
329,cheaper,4,Neutral,TH
330,flavor,4,Neutral,TH
331,twice,4,Neutral,TH
332,milk,4,Neutral,TH
333,easy,4,Positive,TH
334,envelope,4,Neutral,TH
335,hard,4,Negative,TH
336,lost,4,Negative,TH
337,almost,4,Neutral,TH
338,turn,4,Neutral,TH
339,large,4,Neutral,TH
340,period,4,Neutral,TH
341,really,4,Neutral,TH
342,lazy,4,Negative,TH
343,sucking,4,Neutral,TH
344,fastthe,4,Neutral,TH
345,vacuum,4,Neutral,TH
346,plug,4,Neutral,TH
347,head,4,Neutral,TH
348,soon,4,Neutral,TH
349,admin,4,Neutral,TH
350,late,4,Neutral,TH
351,bluetooth,4,Neutral,TH
352,app,4,Neutral,TH
353,pick,4,Neutral,TH
354,fall,4,Neutral,TH
355,collateral,4,Neutral,TH
356,resignation,4,Negative,TH
357,latest,4,Neutral,TH
358,fake,4,Negative,TH
359,set,4,Neutral,TH
360,number,4,Positive,TH
361,message,4,Neutral,TH
362,worst,4,Negative,TH
363,providing,4,Neutral,TH
364,battery,4,Neutral,TH
365,pink,4,Neutral,TH
366,reasonably,4,Neutral,TH
367,actually,3,Neutral,TH
368,repeated,3,Neutral,TH
369,assembly,3,Neutral,TH
370,longerthe,3,Neutral,TH
371,distorted,3,Negative,TH
372,postpone,3,Negative,TH
373,damagedthe,3,Neutral,TH
374,nothing,3,Neutral,TH
375,alone,3,Negative,TH
376,saturday,3,Neutral,TH
377,thing,3,Neutral,TH
378,level,3,Neutral,TH
379,important,3,Positive,TH
380,disadvantage,3,Negative,TH
381,production,3,Neutral,TH
382,longthe,3,Neutral,TH
383,dense,3,Neutral,TH
384,subsidize,3,Neutral,TH
385,regret,3,Negative,TH
386,goodthe,3,Neutral,TH
387,refund,3,Neutral,TH
388,conditioner,3,Neutral,TH
389,copper,3,Neutral,TH
390,pipe,3,Neutral,TH
391,respond,3,Neutral,TH
392,money,3,Neutral,TH
393,model,3,Neutral,TH
394,better,3,Positive,TH
395,compared,3,Neutral,TH
396,allergic,3,Negative,TH
397,solve,3,Positive,TH
398,feeling,3,Positive,TH
399,today,3,Neutral,TH
400,satisfied,3,Positive,TH
401,goodgood,3,Neutral,TH
402,stitching,3,Neutral,TH
403,sewn,3,Neutral,TH
404,computer,3,Neutral,TH
405,shocking,3,Negative,TH
406,alcohol,3,Neutral,TH
407,fragrant,3,Neutral,TH
408,real,3,Neutral,TH
409,fragrance,3,Neutral,TH
410,bitter,3,Negative,TH
411,style,3,Neutral,TH
412,consider,3,Neutral,TH
413,story,3,Neutral,TH
414,receipt,3,Neutral,TH
415,preparation,3,Neutral,TH
416,torn,3,Negative,TH
417,crab,3,Neutral,TH
418,artificial,3,Neutral,TH
419,pieces,3,Neutral,TH
420,packthe,3,Neutral,TH
421,due,3,Neutral,TH
422,leave,3,Negative,TH
423,thickness,3,Neutral,TH
424,claim,3,Neutral,TH
425,fabric,3,Neutral,TH
426,sun,3,Neutral,TH
427,subsidizebut,3,Neutral,TH
428,worthwhile,3,Positive,TH
429,white,3,Neutral,TH
430,clear,3,Positive,TH
431,trade,3,Neutral,TH
432,episode,3,Neutral,TH
433,shock,3,Negative,TH
434,friday,3,Neutral,TH
435,personally,3,Neutral,TH
436,mixed,3,Neutral,TH
437,wellthe,3,Neutral,TH
438,next,3,Neutral,TH
439,powder,3,Neutral,TH
440,continuously,3,Neutral,TH
441,transported,3,Neutral,TH
442,immediately,3,Neutral,TH
443,pro,3,Neutral,TH
444,eaten,3,Neutral,TH
445,quit,3,Neutral,TH
446,health,3,Neutral,TH
447,matell,3,Neutral,TH
448,cute,3,Positive,TH
449,shockproof,3,Positive,TH
450,body,3,Neutral,TH
451,house,3,Neutral,TH
452,boxbut,3,Neutral,TH
453,sheep,3,Neutral,TH
454,kept,3,Neutral,TH
455,frustrated,3,Negative,TH
456,administrator,3,Neutral,TH
457,test,3,Neutral,TH
458,along,3,Neutral,TH
459,cable,3,Neutral,TH
460,packed,3,Neutral,TH
461,sucks,3,Negative,TH
462,plugged,3,Neutral,TH
463,pitching,3,Neutral,TH
464,sleeves,3,Neutral,TH
465,destination,3,Neutral,TH
466,calculate,3,Neutral,TH
467,buying,3,Neutral,TH
468,others,3,Neutral,TH
469,enfulus,3,Neutral,TH
470,image,3,Neutral,TH
471,dumbbell,3,Negative,TH
472,responsible,3,Positive,TH
473,examination,3,Neutral,TH
474,guarantee,3,Positive,TH
475,thai,3,Neutral,TH
476,precision,3,Neutral,TH
477,effect,3,Neutral,TH
478,five,3,Neutral,TH
479,status,3,Neutral,TH
480,nose,3,Neutral,TH
481,match,3,Neutral,TH
482,recommend,3,Positive,TH
483,saw,3,Neutral,TH
484,minutes,3,Neutral,TH
485,serving,3,Neutral,TH
486,anyone,3,Neutral,TH
487,click,3,Neutral,TH
488,goods,3,Neutral,TH
489,longterm,3,Neutral,TH
490,charging,3,Neutral,TH
491,blamethere,3,Neutral,TH
492,china,3,Neutral,TH
493,provoking,3,Negative,TH
494,shopee,3,Neutral,TH
495,longergood,3,Neutral,TH
496,fromthe,2,Neutral,TH
497,causing,2,Neutral,TH
498,im,2,Neutral,TH
499,loose,2,Negative,TH
500,often,2,Neutral,TH
501,tilted,2,Neutral,TH
502,ordering,2,Neutral,TH
503,beginning,2,Neutral,TH
504,wellgood,2,Neutral,TH
505,ground,2,Neutral,TH
506,boxthere,2,Neutral,TH
507,low,2,Negative,TH
508,prices,2,Neutral,TH
509,problemsthe,2,Neutral,TH
510,edge,2,Neutral,TH
511,sure,2,Positive,TH
512,serious,2,Negative,TH
513,wellvery,2,Neutral,TH
514,lacking,2,Neutral,TH
515,proposed,2,Neutral,TH
516,okaygood,2,Neutral,TH
517,got,2,Neutral,TH
518,add,2,Neutral,TH
519,installation,2,Neutral,TH
520,install,2,Neutral,TH
521,explained,2,Neutral,TH
522,sign,2,Neutral,TH
523,parts,2,Neutral,TH
524,replaced,2,Neutral,TH
525,cool,2,Positive,TH
526,soonbut,2,Neutral,TH
527,open,2,Neutral,TH
528,took,2,Neutral,TH
529,solution,2,Positive,TH
530,changed,2,Neutral,TH
531,band,2,Neutral,TH
532,quiet,2,Neutral,TH
533,several,2,Neutral,TH
534,point,2,Neutral,TH
535,timeoverall,2,Neutral,TH
536,chair,2,Neutral,TH
537,knowing,2,Neutral,TH
538,disappear,2,Negative,TH
539,butt,2,Neutral,TH
540,accepted,2,Positive,TH
541,uses,2,Neutral,TH
542,front,2,Neutral,TH
543,againthere,2,Neutral,TH
544,slippery,2,Neutral,TH
545,flow,2,Neutral,TH
546,make,2,Neutral,TH
547,flat,2,Neutral,TH
548,making,2,Neutral,TH
549,whole,2,Neutral,TH
550,spray,2,Neutral,TH
551,leaked,2,Negative,TH
552,accidentally,2,Negative,TH
553,correctly,2,Neutral,TH
554,far,2,Neutral,TH
555,slownot,2,Neutral,TH
556,purple,2,Neutral,TH
557,sealing,2,Neutral,TH
558,receive,2,Neutral,TH
559,sender,2,Neutral,TH
560,usual,2,Neutral,TH
561,discount,2,Neutral,TH
562,timevery,2,Neutral,TH
563,reducing,2,Neutral,TH
564,specified,2,Neutral,TH
565,top,2,Positive,TH
566,fastbut,2,Neutral,TH
567,inches,2,Neutral,TH
568,storesthe,2,Neutral,TH
569,stardelivery,2,Neutral,TH
570,rate,2,Neutral,TH
571,province,2,Neutral,TH
572,affect,2,Neutral,TH
573,direct,2,Neutral,TH
574,brown,2,Neutral,TH
575,slowlyand,2,Neutral,TH
576,eyes,2,Neutral,TH
577,thisthe,2,Neutral,TH
578,thinkbut,2,Neutral,TH
579,since,2,Neutral,TH
580,around,2,Neutral,TH
581,morning,2,Neutral,TH
582,zipper,2,Neutral,TH
583,closed,2,Neutral,TH
584,maker,2,Neutral,TH
585,deliverybut,2,Neutral,TH
586,havent,2,Neutral,TH
587,eatbut,2,Neutral,TH
588,receiving,2,Neutral,TH
589,makes,2,Neutral,TH
590,finally,2,Neutral,TH
591,melt,2,Neutral,TH
592,return,2,Neutral,TH
593,detailed,2,Neutral,TH
594,okthe,2,Neutral,TH
595,case,2,Neutral,TH
596,deliverygood,2,Neutral,TH
597,employees,2,Neutral,TH
598,drink,2,Neutral,TH
599,sugar,2,Neutral,TH
600,tea,2,Neutral,TH
601,shopthe,2,Neutral,TH
602,ps,2,Neutral,TH
603,fastgood,2,Neutral,TH
604,cheapest,2,Neutral,TH
605,freshness,2,Neutral,TH
606,though,2,Neutral,TH
607,left,2,Neutral,TH
608,within,2,Neutral,TH
609,break,2,Neutral,TH
610,original,2,Positive,TH
611,bagdrinking,2,Neutral,TH
612,mixing,2,Neutral,TH
613,coffee,2,Neutral,TH
614,pea,2,Neutral,TH
615,fortunately,2,Neutral,TH
616,pounds,2,Neutral,TH
617,muscles,2,Neutral,TH
618,pricetry,2,Neutral,TH
619,shocked,2,Negative,TH
620,brandbut,2,Neutral,TH
621,three,2,Neutral,TH
622,filled,2,Neutral,TH
623,catch,2,Neutral,TH
624,stayed,2,Neutral,TH
625,remove,2,Neutral,TH
626,collect,2,Neutral,TH
627,power,2,Neutral,TH
628,room,2,Neutral,TH
629,single,2,Neutral,TH
630,opening,2,Neutral,TH
631,button,2,Neutral,TH
632,rarely,2,Neutral,TH
633,vacuuming,2,Neutral,TH
634,slowthis,2,Neutral,TH
635,machines,2,Neutral,TH
636,housewife,2,Neutral,TH
637,impatient,2,Negative,TH
638,corner,2,Neutral,TH
639,held,2,Neutral,TH
640,pressure,2,Negative,TH
641,widei,2,Neutral,TH
642,introduce,2,Neutral,TH
643,admins,2,Neutral,TH
644,hesitant,2,Negative,TH
645,guide,2,Neutral,TH
646,decided,2,Neutral,TH
647,requesting,2,Neutral,TH
648,afternoon,2,Neutral,TH
649,outside,2,Neutral,TH
650,seen,2,Neutral,TH
651,term,2,Neutral,TH
652,young,2,Neutral,TH
653,enoughthe,2,Neutral,TH
654,wide,2,Neutral,TH
655,design,2,Neutral,TH
656,covereddelivery,2,Neutral,TH
657,drum,2,Neutral,TH
658,isit,2,Neutral,TH
659,raped,2,Negative,TH
660,machinesound,2,Neutral,TH
661,parcelthe,2,Neutral,TH
662,delayedheavy,2,Neutral,TH
663,address,2,Neutral,TH
664,cause,2,Neutral,TH
665,prepared,2,Positive,TH
666,coverthe,2,Neutral,TH
667,slowdo,2,Neutral,TH
668,register,2,Neutral,TH
669,transporting,2,Neutral,TH
670,boxes,2,Neutral,TH
671,remember,2,Neutral,TH
672,enemses,2,Neutral,TH
673,normallybut,2,Neutral,TH
674,restaurant,2,Neutral,TH
675,defective,2,Negative,TH
676,shockproofbut,2,Neutral,TH
677,amount,2,Neutral,TH
678,wellbut,2,Neutral,TH
679,night,2,Neutral,TH
680,able,2,Neutral,TH
681,lock,2,Neutral,TH
682,stuff,2,Neutral,TH
683,preparing,2,Neutral,TH
684,ultimate,2,Neutral,TH
685,bellbell,2,Neutral,TH
686,old,2,Neutral,TH
687,addition,2,Neutral,TH
688,wednesday,2,Neutral,TH
689,receivedthe,2,Neutral,TH
690,pass,2,Neutral,TH
691,daysif,2,Neutral,TH
692,automatic,2,Neutral,TH
693,itbut,2,Neutral,TH
694,hello,2,Neutral,TH
695,omords,2,Neutral,TH
696,storage,2,Neutral,TH
697,saying,2,Neutral,TH
698,longerbut,2,Neutral,TH
699,reply,2,Neutral,TH
700,pressing,2,Neutral,TH
701,orderbut,2,Neutral,TH
702,sometimes,2,Neutral,TH
703,signals,2,Neutral,TH
704,goodwait,2,Neutral,TH
705,internet,2,Neutral,TH
706,puzzled,2,Negative,TH
707,felt,2,Neutral,TH
708,slip,2,Neutral,TH
709,clickcan,2,Neutral,TH
710,usb,2,Neutral,TH
711,productvery,2,Neutral,TH
712,quick,2,Neutral,TH
713,goodcan,2,Neutral,TH
714,yetbut,2,Neutral,TH
715,given,2,Neutral,TH
716,fire,2,Negative,TH
717,chart,2,Neutral,TH
718,enter,2,Neutral,TH
719,sensitivethe,2,Neutral,TH
720,plugging,2,Neutral,TH
721,compactsuitable,2,Neutral,TH
722,peoplethe,2,Neutral,TH
723,grill,2,Neutral,TH
724,wasting,2,Negative,TH
725,feelings,2,Neutral,TH
726,something,2,Neutral,TH
727,fault,2,Negative,TH
728,waitthe,2,Neutral,TH
729,attached,2,Neutral,TH
730,aftersales,2,Neutral,TH
731,asked,2,Neutral,TH
732,attention,2,Neutral,TH
733,affordabledelivery,2,Neutral,TH
734,slowflick,2,Neutral,TH
735,fucked,2,Negative,TH
736,littlelooks,2,Neutral,TH
737,okaycalculate,2,Neutral,TH
738,course,2,Neutral,TH
739,dark,2,Neutral,TH
740,arrived,2,Neutral,TH
741,page,2,Neutral,TH
742,tb,2,Neutral,TH
743,cj,2,Neutral,TH
744,wanting,2,Neutral,TH
745,stop,2,Negative,TH
746,data,2,Neutral,TH
747,tv,2,Neutral,TH
748,badly,2,Negative,TH
749,scroll,2,Neutral,TH
750,name,2,Neutral,TH
751,normalbut,2,Neutral,TH
752,happy,2,Positive,TH
753,wifi,2,Neutral,TH
754,wrapping,2,Neutral,TH
755,mint,2,Neutral,TH
756,ninja,2,Neutral,TH
757,van,2,Neutral,TH
758,went,2,Neutral,TH
759,responded,2,Neutral,TH
760,damagedthought,2,Neutral,TH
761,shippingproducts,1,Neutral,TH
762,variety,1,Neutral,TH
763,kerryslowly,1,Neutral,TH
764,sneak,1,Neutral,TH
765,slowmaybe,1,Neutral,TH
766,shoppiece,1,Neutral,TH
767,okis,1,Neutral,TH
768,falls,1,Neutral,TH
769,entered,1,Neutral,TH
770,relatedbecause,1,Neutral,TH
771,starting,1,Neutral,TH
772,wheel,1,Neutral,TH
773,pim,1,Neutral,TH
774,cantif,1,Neutral,TH
775,strongbut,1,Neutral,TH
776,process,1,Neutral,TH
777,timeyounger,1,Neutral,TH
778,wheels,1,Neutral,TH
779,splashes,1,Neutral,TH
780,prepares,1,Neutral,TH
781,rubbing,1,Neutral,TH
782,transportcall,1,Neutral,TH
783,dategood,1,Neutral,TH
784,slowreceived,1,Neutral,TH
785,easycan,1,Neutral,TH
786,toolsthe,1,Neutral,TH
787,likematch,1,Neutral,TH
788,desiredproducts,1,Neutral,TH
789,boxdid,1,Neutral,TH
790,damagedshow,1,Neutral,TH
791,carefuldidnt,1,Neutral,TH
792,overotherwise,1,Neutral,TH
793,definitely,1,Positive,TH
794,shelf,1,Neutral,TH
795,insert,1,Neutral,TH
796,noticed,1,Neutral,TH
797,timegood,1,Neutral,TH
798,slowfrom,1,Neutral,TH
799,monday,1,Neutral,TH
800,insteadbut,1,Neutral,TH
801,gang,1,Neutral,TH
802,shockbut,1,Neutral,TH
803,mind,1,Neutral,TH
804,damagedfit,1,Neutral,TH
805,temple,1,Neutral,TH
806,shopreceived,1,Neutral,TH
807,tightlythere,1,Neutral,TH
808,cloth,1,Neutral,TH
809,mask,1,Neutral,TH
810,toookay,1,Neutral,TH
811,productscan,1,Neutral,TH
812,adjust,1,Neutral,TH
813,deliverythe,1,Neutral,TH
814,slowlyin,1,Neutral,TH
815,goodand,1,Neutral,TH
816,cheapbut,1,Neutral,TH
817,sorry,1,Negative,TH
818,leaves,1,Neutral,TH
819,thintransportation,1,Neutral,TH
820,goodthere,1,Neutral,TH
821,inquiry,1,Neutral,TH
822,timereply,1,Neutral,TH
823,pricebut,1,Neutral,TH
824,slowdid,1,Neutral,TH
825,seriousness,1,Negative,TH
826,overallthere,1,Neutral,TH
827,sizesthe,1,Neutral,TH
828,qualityspecified,1,Neutral,TH
829,orderedcovering,1,Neutral,TH
830,reason,1,Neutral,TH
831,companyno,1,Neutral,TH
832,damagedquality,1,Neutral,TH
833,productssuitable,1,Neutral,TH
834,pricereceived,1,Neutral,TH
835,orderedfast,1,Neutral,TH
836,pipecoordinate,1,Neutral,TH
837,overthe,1,Neutral,TH
838,conditionerbut,1,Neutral,TH
839,dayswhich,1,Neutral,TH
840,followersthank,1,Neutral,TH
841,problemwait,1,Neutral,TH
842,run,1,Neutral,TH
843,encounter,1,Neutral,TH
844,cs,1,Neutral,TH
845,aircraft,1,Neutral,TH
846,anotheryou,1,Neutral,TH
847,firstand,1,Neutral,TH
848,priceorder,1,Neutral,TH
849,versionturn,1,Neutral,TH
850,seconds,1,Neutral,TH
851,temperature,1,Neutral,TH
852,display,1,Neutral,TH
853,brightthe,1,Neutral,TH
854,probleminstalled,1,Neutral,TH
855,compressor,1,Neutral,TH
856,faster,1,Neutral,TH
857,notified,1,Neutral,TH
858,summarize,1,Neutral,TH
859,wasted,1,Negative,TH
860,board,1,Neutral,TH
861,spare,1,Neutral,TH
862,finish,1,Neutral,TH
863,chargeadded,1,Neutral,TH
864,installedgood,1,Neutral,TH
865,equipmentthe,1,Neutral,TH
866,version,1,Neutral,TH
867,outthe,1,Neutral,TH
868,installed,1,Neutral,TH
869,saidmechanic,1,Neutral,TH
870,conditionerstill,1,Neutral,TH
871,tens,1,Neutral,TH
872,thousands,1,Neutral,TH
873,juicy,1,Neutral,TH
874,dancing,1,Neutral,TH
875,knowncall,1,Neutral,TH
876,preliminary,1,Neutral,TH
877,upgrading,1,Neutral,TH
878,chargeconsidered,1,Neutral,TH
879,responsibility,1,Neutral,TH
880,wooki,1,Neutral,TH
881,slownormally,1,Neutral,TH
882,electrical,1,Neutral,TH
883,appliances,1,Neutral,TH
884,end,1,Neutral,TH
885,anymore,1,Neutral,TH
886,trust,1,Positive,TH
887,queue,1,Neutral,TH
888,todayoverall,1,Neutral,TH
889,choice,1,Neutral,TH
890,durability,1,Neutral,TH
891,maintenance,1,Neutral,TH
892,plain,1,Neutral,TH
893,pipes,1,Neutral,TH
894,purchases,1,Neutral,TH
895,completelack,1,Neutral,TH
896,sauce,1,Neutral,TH
897,krem,1,Neutral,TH
898,mechanichave,1,Neutral,TH
899,yourselfdelivery,1,Neutral,TH
900,label,1,Neutral,TH
901,attachment,1,Positive,TH
902,communication,1,Neutral,TH
903,pipemust,1,Neutral,TH
904,pipebut,1,Neutral,TH
905,latersent,1,Neutral,TH
906,usedbecause,1,Neutral,TH
907,itselfbecause,1,Neutral,TH
908,beenif,1,Neutral,TH
909,trip,1,Neutral,TH
910,booking,1,Neutral,TH
911,mechanicaftersales,1,Neutral,TH
912,completed,1,Neutral,TH
913,deducts,1,Neutral,TH
914,swipe,1,Neutral,TH
915,selecteddelivery,1,Neutral,TH
916,productnot,1,Neutral,TH
917,starthere,1,Neutral,TH
918,deformation,1,Neutral,TH
919,inch,1,Neutral,TH
920,repair,1,Neutral,TH
921,oh,1,Neutral,TH
922,usedbut,1,Neutral,TH
923,coverit,1,Neutral,TH
924,covers,1,Neutral,TH
925,blanket,1,Neutral,TH
926,insteadhealed,1,Neutral,TH
927,tattooed,1,Neutral,TH
928,advertised,1,Neutral,TH
929,cutethe,1,Neutral,TH
930,comfortably,1,Positive,TH
931,ride,1,Neutral,TH
932,styledo,1,Neutral,TH
933,expect,1,Neutral,TH
934,cushionthe,1,Neutral,TH
935,backrest,1,Neutral,TH
936,seat,1,Neutral,TH
937,hurts,1,Negative,TH
938,wave,1,Neutral,TH
939,smooththe,1,Neutral,TH
940,thinks,1,Neutral,TH
941,bangkok,1,Neutral,TH
942,chonburi,1,Neutral,TH
943,elsewhere,1,Neutral,TH
944,passing,1,Neutral,TH
945,situation,1,Neutral,TH
946,nowgood,1,Neutral,TH
947,softnessthe,1,Neutral,TH
948,waves,1,Neutral,TH
949,help,1,Positive,TH
950,massage,1,Neutral,TH
951,timerubber,1,Neutral,TH
952,rare,1,Neutral,TH
953,chairso,1,Neutral,TH
954,rope,1,Neutral,TH
955,chairs,1,Neutral,TH
956,fasttry,1,Neutral,TH
957,onesided,1,Neutral,TH
958,binding,1,Neutral,TH
959,longerlonger,1,Neutral,TH
960,shortlet,1,Neutral,TH
961,except,1,Neutral,TH
962,deliveryknowing,1,Neutral,TH
963,cutting,1,Negative,TH
964,heartthat,1,Neutral,TH
965,halffolded,1,Neutral,TH
966,sorting,1,Neutral,TH
967,mina,1,Neutral,TH
968,afternoonhow,1,Neutral,TH
969,waithavent,1,Neutral,TH
970,brandname,1,Neutral,TH
971,smellthe,1,Neutral,TH
972,shockedthe,1,Neutral,TH
973,shockproofwell,1,Neutral,TH
974,resistant,1,Neutral,TH
975,smellcan,1,Neutral,TH
976,collected,1,Neutral,TH
977,impressive,1,Positive,TH
978,disappointment,1,Negative,TH
979,insolation,1,Neutral,TH
980,bottles,1,Neutral,TH
981,receivedcomplete,1,Neutral,TH
982,orderwait,1,Neutral,TH
983,reviewthe,1,Neutral,TH
984,pomp,1,Neutral,TH
985,orderedthere,1,Neutral,TH
986,derived,1,Neutral,TH
987,onion,1,Neutral,TH
988,perfume,1,Neutral,TH
989,productrequest,1,Neutral,TH
990,deliverya,1,Neutral,TH
991,strange,1,Negative,TH
992,drilled,1,Neutral,TH
993,shockproofunderstand,1,Neutral,TH
994,iswould,1,Neutral,TH
995,pays,1,Neutral,TH
996,okra,1,Neutral,TH
997,timesbefore,1,Neutral,TH
998,fragrantthis,1,Neutral,TH
999,hasnt,1,Neutral,TH
1000,smellbut,1,Neutral,TH
1001,bottle,1,Neutral,TH
1002,outsideprobably,1,Neutral,TH
1003,longall,1,Neutral,TH
1004,wish,1,Positive,TH
1005,shockedlike,1,Neutral,TH
1006,boxif,1,Neutral,TH
1007,disturbingpolite,1,Neutral,TH
1008,slowalmost,1,Neutral,TH
1009,dec,1,Neutral,TH
1010,december,1,Neutral,TH
1011,sweetbut,1,Neutral,TH
1012,faded,1,Neutral,TH
1013,longertransit,1,Neutral,TH
1014,receivethe,1,Neutral,TH
1015,stitchesbut,1,Neutral,TH
1016,rashes,1,Neutral,TH
1017,goodquality,1,Neutral,TH
1018,productsthe,1,Neutral,TH
1019,frayed,1,Neutral,TH
1020,points,1,Neutral,TH
1021,thread,1,Neutral,TH
1022,goose,1,Neutral,TH
1023,filling,1,Neutral,TH
1024,normalthe,1,Neutral,TH
1025,taken,1,Neutral,TH
1026,includes,1,Neutral,TH
1027,nong,1,Neutral,TH
1028,somboonsleeping,1,Neutral,TH
1029,tower,1,Neutral,TH
1030,morevery,1,Neutral,TH
1031,afternoonsend,1,Neutral,TH
1032,u,1,Neutral,TH
1033,disappointedprovide,1,Neutral,TH
1034,transportationgood,1,Neutral,TH
1035,alreadycheck,1,Neutral,TH
1036,anythingproduct,1,Neutral,TH
1037,packmay,1,Neutral,TH
1038,transportationdelivery,1,Neutral,TH
1039,reasonable,1,Neutral,TH
1040,templesee,1,Neutral,TH
1041,picturelazy,1,Neutral,TH
1042,expensiveoh,1,Neutral,TH
1043,miss,1,Negative,TH
1044,layers,1,Neutral,TH
1045,rather,1,Neutral,TH
1046,leaving,1,Neutral,TH
1047,storedo,1,Neutral,TH
1048,topper,1,Neutral,TH
1049,goodtook,1,Neutral,TH
1050,inflated,1,Neutral,TH
1051,slipperysuitable,1,Neutral,TH
1052,fullgood,1,Neutral,TH
1053,basebut,1,Neutral,TH
1054,complain,1,Negative,TH
1055,transportif,1,Neutral,TH
1056,none,1,Neutral,TH
1057,lotthe,1,Neutral,TH
1058,bouncingthe,1,Neutral,TH
1059,fastordered,1,Neutral,TH
1060,pig,1,Neutral,TH
1061,beautifulthe,1,Neutral,TH
1062,softbut,1,Neutral,TH
1063,normalconsolidation,1,Neutral,TH
1064,sleepthis,1,Neutral,TH
1065,floorone,1,Neutral,TH
1066,colored,1,Neutral,TH
1067,skeptical,1,Negative,TH
1068,againfaifered,1,Neutral,TH
1069,slowlysimple,1,Neutral,TH
1070,provincehow,1,Neutral,TH
1071,footake,1,Neutral,TH
1072,mattressbut,1,Neutral,TH
1073,timeproduct,1,Neutral,TH
1074,factory,1,Neutral,TH
1075,twoinch,1,Neutral,TH
1076,fiber,1,Neutral,TH
1077,lie,1,Neutral,TH
1078,waking,1,Neutral,TH
1079,morningnow,1,Neutral,TH
1080,disappearscan,1,Neutral,TH
1081,wake,1,Neutral,TH
1082,form,1,Neutral,TH
1083,thoughtbut,1,Neutral,TH
1084,badsoft,1,Neutral,TH
1085,enoughput,1,Neutral,TH
1086,mattresssleep,1,Neutral,TH
1087,comfortablecompared,1,Neutral,TH
1088,always,1,Neutral,TH
1089,aware,1,Neutral,TH
1090,postponed,1,Negative,TH
1091,scream,1,Negative,TH
1092,penetrate,1,Neutral,TH
1093,mattress,1,Neutral,TH
1094,pricewhy,1,Neutral,TH
1095,sewing,1,Neutral,TH
1096,threadmakes,1,Neutral,TH
1097,orderedbeautiful,1,Neutral,TH
1098,fresh,1,Positive,TH
1099,fool,1,Negative,TH
1100,ad,1,Neutral,TH
1101,thicker,1,Neutral,TH
1102,fastproduct,1,Neutral,TH
1103,partloftynot,1,Neutral,TH
1104,floating,1,Neutral,TH
1105,neck,1,Neutral,TH
1106,changesent,1,Neutral,TH
1107,beforegive,1,Neutral,TH
1108,longreally,1,Neutral,TH
1109,love,1,Positive,TH
1110,shopi,1,Neutral,TH
1111,glands,1,Neutral,TH
1112,teasend,1,Neutral,TH
1113,content,1,Neutral,TH
1114,roughshaking,1,Neutral,TH
1115,bubblesnot,1,Neutral,TH
1116,intense,1,Positive,TH
1117,matcha,1,Neutral,TH
1118,fragrantbittereat,1,Neutral,TH
1119,muchpaulong,1,Neutral,TH
1120,going,1,Neutral,TH
1121,dizzy,1,Negative,TH
1122,againbut,1,Neutral,TH
1123,kind,1,Positive,TH
1124,symptom,1,Neutral,TH
1125,timesthe,1,Neutral,TH
1126,locked,1,Neutral,TH
1127,sides,1,Neutral,TH
1128,sameordered,1,Neutral,TH
1129,samemust,1,Neutral,TH
1130,layerafter,1,Neutral,TH
1131,avoided,1,Negative,TH
1132,flavors,1,Neutral,TH
1133,successfullyisans,1,Neutral,TH
1134,deliveryorder,1,Neutral,TH
1135,okaythe,1,Neutral,TH
1136,tasting,1,Neutral,TH
1137,ever,1,Neutral,TH
1138,alreadywith,1,Neutral,TH
1139,bean,1,Neutral,TH
1140,smellmaker,1,Neutral,TH
1141,recommendedwill,1,Neutral,TH
1142,delivering,1,Neutral,TH
1143,packboard,1,Neutral,TH
1144,footprint,1,Neutral,TH
1145,orderedopen,1,Neutral,TH
1146,yetdont,1,Neutral,TH
1147,muscletry,1,Neutral,TH
1148,fatherhavent,1,Neutral,TH
1149,stiff,1,Neutral,TH
1150,waterbut,1,Neutral,TH
1151,drinking,1,Neutral,TH
1152,convenient,1,Neutral,TH
1153,vanilla,1,Neutral,TH
1154,flavorthis,1,Neutral,TH
1155,chocolateeat,1,Neutral,TH
1156,natural,1,Positive,TH
1157,flavorwhen,1,Neutral,TH
1158,hurriedopen,1,Neutral,TH
1159,sachetsweet,1,Neutral,TH
1160,eatmaker,1,Neutral,TH
1161,stock,1,Neutral,TH
1162,loans,1,Neutral,TH
1163,reduced,1,Neutral,TH
1164,coins,1,Neutral,TH
1165,deliveryreceived,1,Neutral,TH
1166,tasteless,1,Neutral,TH
1167,spoon,1,Neutral,TH
1168,instructions,1,Neutral,TH
1169,itemsuitable,1,Neutral,TH
1170,peoplereally,1,Neutral,TH
1171,correcteat,1,Neutral,TH
1172,fragrantoverwhelminglydelicious,1,Neutral,TH
1173,sweet,1,Positive,TH
1174,cruel,1,Negative,TH
1175,lean,1,Neutral,TH
1176,sensitivitylost,1,Neutral,TH
1177,fatigue,1,Negative,TH
1178,fasterdont,1,Neutral,TH
1179,worry,1,Negative,TH
1180,dayfitness,1,Neutral,TH
1181,chilledlike,1,Neutral,TH
1182,damagedcall,1,Neutral,TH
1183,speakprovide,1,Neutral,TH
1184,spent,1,Neutral,TH
1185,deliveryconsidered,1,Neutral,TH
1186,exercise,1,Neutral,TH
1187,added,1,Neutral,TH
1188,deliverypack,1,Neutral,TH
1189,wellnot,1,Neutral,TH
1190,expensiveusually,1,Neutral,TH
1191,tastenot,1,Neutral,TH
1192,goodbig,1,Neutral,TH
1193,productused,1,Neutral,TH
1194,bored,1,Negative,TH
1195,quantity,1,Neutral,TH
1196,packingbut,1,Neutral,TH
1197,stardue,1,Neutral,TH
1198,shut,1,Neutral,TH
1199,beforefast,1,Neutral,TH
1200,deliveryworth,1,Neutral,TH
1201,oka,1,Neutral,TH
1202,nothingcheck,1,Neutral,TH
1203,leaktry,1,Neutral,TH
1204,experience,1,Neutral,TH
1205,deliciousnot,1,Neutral,TH
1206,stinking,1,Negative,TH
1207,rancid,1,Negative,TH
1208,eatvery,1,Neutral,TH
1209,proteinmust,1,Neutral,TH
1210,thisget,1,Neutral,TH
1211,equivalent,1,Neutral,TH
1212,meltedmust,1,Neutral,TH
1213,regular,1,Neutral,TH
1214,makertaste,1,Neutral,TH
1215,baggood,1,Neutral,TH
1216,productsgood,1,Neutral,TH
1217,valuefast,1,Neutral,TH
1218,deliveryrecommend,1,Neutral,TH
1219,wang,1,Neutral,TH
1220,noidue,1,Neutral,TH
1221,shopfor,1,Neutral,TH
1222,shockhow,1,Neutral,TH
1223,packtake,1,Neutral,TH
1224,longvery,1,Neutral,TH
1225,cheaphundreds,1,Neutral,TH
1226,cream,1,Neutral,TH
1227,creams,1,Neutral,TH
1228,caused,1,Neutral,TH
1229,residue,1,Neutral,TH
1230,goodthrough,1,Neutral,TH
1231,different,1,Neutral,TH
1232,finished,1,Neutral,TH
1233,sisterhave,1,Neutral,TH
1234,thiscome,1,Neutral,TH
1235,support,1,Positive,TH
1236,damageokay,1,Neutral,TH
1237,tastethe,1,Neutral,TH
1238,intensemust,1,Neutral,TH
1239,solvent,1,Neutral,TH
1240,itno,1,Neutral,TH
1241,wraprisk,1,Neutral,TH
1242,littlewrapped,1,Neutral,TH
1243,expiration,1,Neutral,TH
1244,broke,1,Negative,TH
1245,morenot,1,Neutral,TH
1246,eatthe,1,Neutral,TH
1247,distance,1,Neutral,TH
1248,kowit,1,Neutral,TH
1249,situationthe,1,Neutral,TH
1250,soybean,1,Neutral,TH
1251,garden,1,Neutral,TH
1252,sweetis,1,Neutral,TH
1253,isolated,1,Negative,TH
1254,streamlined,1,Neutral,TH
1255,concentrated,1,Neutral,TH
1256,gramsprice,1,Neutral,TH
1257,score,1,Neutral,TH
1258,leak,1,Negative,TH
1259,officerstill,1,Neutral,TH
1260,backsend,1,Neutral,TH
1261,bitch,1,Negative,TH
1262,dissolve,1,Neutral,TH
1263,dissolved,1,Neutral,TH
1264,daysas,1,Neutral,TH
1265,effective,1,Positive,TH
1266,littletry,1,Neutral,TH
1267,wellnormally,1,Neutral,TH
1268,advantages,1,Positive,TH
1269,disadvantages,1,Negative,TH
1270,heavywe,1,Neutral,TH
1271,machinebut,1,Neutral,TH
1272,ussatisfied,1,Neutral,TH
1273,productmust,1,Neutral,TH
1274,assembling,1,Neutral,TH
1275,severe,1,Negative,TH
1276,tinnituswait,1,Neutral,TH
1277,knock,1,Neutral,TH
1278,slowas,1,Neutral,TH
1279,likely,1,Neutral,TH
1280,weakness,1,Negative,TH
1281,gesting,1,Neutral,TH
1282,turned,1,Neutral,TH
1283,loudlyin,1,Neutral,TH
1284,apartment,1,Neutral,TH
1285,disturbing,1,Negative,TH
1286,peoplewhen,1,Neutral,TH
1287,grandchildren,1,Neutral,TH
1288,commentsbut,1,Neutral,TH
1289,sense,1,Neutral,TH
1290,sucker,1,Negative,TH
1291,slightly,1,Neutral,TH
1292,home,1,Neutral,TH
1293,self,1,Neutral,TH
1294,slowwaiting,1,Neutral,TH
1295,tax,1,Neutral,TH
1296,invoice,1,Neutral,TH
1297,suspension,1,Neutral,TH
1298,sundaythe,1,Neutral,TH
1299,goodsucking,1,Neutral,TH
1300,cleanthe,1,Neutral,TH
1301,muchcan,1,Neutral,TH
1302,ceilingthe,1,Neutral,TH
1303,cleanerif,1,Neutral,TH
1304,hotto,1,Neutral,TH
1305,trialfound,1,Neutral,TH
1306,longstyle,1,Neutral,TH
1307,goodloud,1,Neutral,TH
1308,connected,1,Neutral,TH
1309,wind,1,Neutral,TH
1310,sucklong,1,Neutral,TH
1311,cord,1,Neutral,TH
1312,availablethe,1,Neutral,TH
1313,expensivethe,1,Neutral,TH
1314,impressedis,1,Neutral,TH
1315,outlongterm,1,Neutral,TH
1316,againwhoever,1,Neutral,TH
1317,storevery,1,Neutral,TH
1318,headsif,1,Neutral,TH
1319,leg,1,Neutral,TH
1320,loosenot,1,Neutral,TH
1321,wellin,1,Neutral,TH
1322,mattresssent,1,Neutral,TH
1323,goodoverall,1,Neutral,TH
1324,deliveryvery,1,Neutral,TH
1325,usagequality,1,Neutral,TH
1326,pricewell,1,Neutral,TH
1327,cleaned,1,Neutral,TH
1328,telling,1,Neutral,TH
1329,error,1,Negative,TH
1330,heads,1,Neutral,TH
1331,beautifuldelivery,1,Neutral,TH
1332,wellaimed,1,Neutral,TH
1333,blackbut,1,Neutral,TH
1334,blackbought,1,Neutral,TH
1335,dustling,1,Neutral,TH
1336,english,1,Neutral,TH
1337,language,1,Neutral,TH
1338,brandgood,1,Neutral,TH
1339,storagebought,1,Neutral,TH
1340,worthwhileproduct,1,Neutral,TH
1341,pricewhat,1,Neutral,TH
1342,hesitate,1,Negative,TH
1343,crumbling,1,Neutral,TH
1344,goodhot,1,Neutral,TH
1345,deduction,1,Neutral,TH
1346,filters,1,Neutral,TH
1347,orderthe,1,Neutral,TH
1348,report,1,Neutral,TH
1349,whatbut,1,Neutral,TH
1350,useso,1,Neutral,TH
1351,returntake,1,Neutral,TH
1352,icons,1,Neutral,TH
1353,oclock,1,Neutral,TH
1354,wrapbecause,1,Neutral,TH
1355,rainy,1,Negative,TH
1356,seasonthe,1,Neutral,TH
1357,covering,1,Neutral,TH
1358,productin,1,Neutral,TH
1359,headthere,1,Neutral,TH
1360,penny,1,Neutral,TH
1361,completetry,1,Neutral,TH
1362,itnormal,1,Neutral,TH
1363,sounds,1,Neutral,TH
1364,general,1,Neutral,TH
1365,cleaners,1,Neutral,TH
1366,okaybut,1,Neutral,TH
1367,sensitivelong,1,Neutral,TH
1368,isnt,1,Neutral,TH
1369,fullbut,1,Neutral,TH
1370,arms,1,Neutral,TH
1371,effectivebut,1,Neutral,TH
1372,firstdelivery,1,Neutral,TH
1373,teaching,1,Neutral,TH
1374,handlewhen,1,Neutral,TH
1375,timeor,1,Neutral,TH
1376,angle,1,Neutral,TH
1377,ache,1,Negative,TH
1378,arm,1,Neutral,TH
1379,lighteasy,1,Neutral,TH
1380,removable,1,Neutral,TH
1381,filter,1,Neutral,TH
1382,boxdifficult,1,Neutral,TH
1383,aiming,1,Neutral,TH
1384,deerma,1,Neutral,TH
1385,islove,1,Neutral,TH
1386,cornerbut,1,Neutral,TH
1387,holding,1,Neutral,TH
1388,formim,1,Neutral,TH
1389,tiredbut,1,Neutral,TH
1390,horror,1,Negative,TH
1391,daysucking,1,Neutral,TH
1392,comfortablythe,1,Neutral,TH
1393,material,1,Neutral,TH
1394,solid,1,Positive,TH
1395,pastelooks,1,Neutral,TH
1396,areasthat,1,Neutral,TH
1397,suckwith,1,Neutral,TH
1398,motor,1,Neutral,TH
1399,near,1,Neutral,TH
1400,handle,1,Neutral,TH
1401,cleanoverall,1,Neutral,TH
1402,recommendedwell,1,Neutral,TH
1403,shockproofat,1,Neutral,TH
1404,puzzledbecause,1,Neutral,TH
1405,study,1,Neutral,TH
1406,trying,1,Neutral,TH
1407,linesecretly,1,Neutral,TH
1408,scared,1,Negative,TH
1409,besideoverall,1,Neutral,TH
1410,waitingbut,1,Neutral,TH
1411,fleet,1,Neutral,TH
1412,wronghave,1,Neutral,TH
1413,opportunity,1,Positive,TH
1414,hotcan,1,Neutral,TH
1415,keep,1,Neutral,TH
1416,timedont,1,Neutral,TH
1417,strongdont,1,Neutral,TH
1418,ocnun,1,Neutral,TH
1419,usedokaythe,1,Neutral,TH
1420,accept,1,Positive,TH
1421,deliveryheavy,1,Neutral,TH
1422,looking,1,Neutral,TH
1423,decide,1,Neutral,TH
1424,reviewwith,1,Neutral,TH
1425,debris,1,Neutral,TH
1426,warmthe,1,Neutral,TH
1427,cleaner,1,Positive,TH
1428,episodes,1,Neutral,TH
1429,sufficiently,1,Neutral,TH
1430,slowto,1,Neutral,TH
1431,wrongcan,1,Neutral,TH
1432,slowbecause,1,Neutral,TH
1433,payment,1,Neutral,TH
1434,unit,1,Neutral,TH
1435,forsucking,1,Neutral,TH
1436,tired,1,Negative,TH
1437,sensitivegood,1,Neutral,TH
1438,reviewhot,1,Neutral,TH
1439,terms,1,Neutral,TH
1440,packs,1,Neutral,TH
1441,matter,1,Neutral,TH
1442,scales,1,Neutral,TH
1443,charcoaleasy,1,Neutral,TH
1444,appminimal,1,Neutral,TH
1445,sooner,1,Neutral,TH
1446,gradually,1,Neutral,TH
1447,goodso,1,Neutral,TH
1448,successfullythe,1,Neutral,TH
1449,weigh,1,Neutral,TH
1450,weighhave,1,Neutral,TH
1451,bone,1,Neutral,TH
1452,mass,1,Neutral,TH
1453,assess,1,Neutral,TH
1454,initial,1,Neutral,TH
1455,scalebut,1,Neutral,TH
1456,compare,1,Neutral,TH
1457,seems,1,Neutral,TH
1458,brokenif,1,Neutral,TH
1459,together,1,Neutral,TH
1460,transportall,1,Neutral,TH
1461,spotless,1,Neutral,TH
1462,behind,1,Neutral,TH
1463,android,1,Neutral,TH
1464,slowsometimes,1,Neutral,TH
1465,shops,1,Neutral,TH
1466,honorizing,1,Neutral,TH
1467,goodafter,1,Neutral,TH
1468,hesitating,1,Negative,TH
1469,months,1,Neutral,TH
1470,sensitivepack,1,Neutral,TH
1471,latewe,1,Neutral,TH
1472,things,1,Neutral,TH
1473,yei,1,Neutral,TH
1474,imagine,1,Neutral,TH
1475,expected,1,Neutral,TH
1476,todayvery,1,Neutral,TH
1477,impressedgood,1,Neutral,TH
1478,productto,1,Neutral,TH
1479,fill,1,Neutral,TH
1480,charcoalwho,1,Neutral,TH
1481,stacked,1,Neutral,TH
1482,bubblewhat,1,Neutral,TH
1483,risk,1,Negative,TH
1484,damageif,1,Neutral,TH
1485,passedand,1,Neutral,TH
1486,internal,1,Neutral,TH
1487,systemcan,1,Neutral,TH
1488,losing,1,Negative,TH
1489,moneysaying,1,Neutral,TH
1490,firmly,1,Neutral,TH
1491,improvedis,1,Neutral,TH
1492,promisebecause,1,Neutral,TH
1493,sentlose,1,Neutral,TH
1494,covered,1,Neutral,TH
1495,qr,1,Neutral,TH
1496,sticker,1,Neutral,TH
1497,overlayadmin,1,Neutral,TH
1498,labelcan,1,Neutral,TH
1499,rest,1,Neutral,TH
1500,kovad,1,Neutral,TH
1501,timetry,1,Neutral,TH
1502,satisfiedcan,1,Neutral,TH
1503,mobilethe,1,Neutral,TH
1504,advertisedthere,1,Neutral,TH
1505,characters,1,Neutral,TH
1506,seeing,1,Neutral,TH
1507,consideredordered,1,Neutral,TH
1508,calledbut,1,Neutral,TH
1509,packagebecause,1,Neutral,TH
1510,bubblesome,1,Neutral,TH
1511,slantingbut,1,Neutral,TH
1512,xiaomi,1,Neutral,TH
1513,productsent,1,Neutral,TH
1514,slowlybecause,1,Neutral,TH
1515,ready,1,Positive,TH
1516,sendadmins,1,Neutral,TH
1517,thatready,1,Neutral,TH
1518,orderi,1,Neutral,TH
1519,secretlysend,1,Neutral,TH
1520,shockproofa,1,Neutral,TH
1521,mobile,1,Neutral,TH
1522,loss,1,Negative,TH
1523,programplus,1,Neutral,TH
1524,personcan,1,Neutral,TH
1525,guisus,1,Neutral,TH
1526,entormusives,1,Neutral,TH
1527,enemicus,1,Neutral,TH
1528,deliveredenough,1,Neutral,TH
1529,works,1,Neutral,TH
1530,timelong,1,Neutral,TH
1531,forgot,1,Neutral,TH
1532,crumblingdont,1,Neutral,TH
1533,boxbubble,1,Neutral,TH
1534,somewell,1,Neutral,TH
1535,thats,1,Neutral,TH
1536,sentnot,1,Neutral,TH
1537,correctlygood,1,Neutral,TH
1538,packwith,1,Neutral,TH
1539,covoid,1,Neutral,TH
1540,lawthen,1,Neutral,TH
1541,stopped,1,Negative,TH
1542,legality,1,Neutral,TH
1543,reject,1,Negative,TH
1544,cycle,1,Neutral,TH
1545,directlyuntil,1,Neutral,TH
1546,called,1,Neutral,TH
1547,inform,1,Neutral,TH
1548,deposit,1,Neutral,TH
1549,forensicsso,1,Neutral,TH
1550,tightlywaiting,1,Neutral,TH
1551,close,1,Neutral,TH
1552,nonstick,1,Neutral,TH
1553,glass,1,Neutral,TH
1554,frame,1,Neutral,TH
1555,woodit,1,Neutral,TH
1556,foreverbut,1,Neutral,TH
1557,goes,1,Neutral,TH
1558,belongs,1,Neutral,TH
1559,sky,1,Neutral,TH
1560,met,1,Neutral,TH
1561,heart,1,Positive,TH
1562,alreadydelivery,1,Neutral,TH
1563,slowlya,1,Neutral,TH
1564,smart,1,Positive,TH
1565,tvbut,1,Neutral,TH
1566,notblame,1,Neutral,TH
1567,entrancethe,1,Neutral,TH
1568,incoming,1,Neutral,TH
1569,terminated,1,Neutral,TH
1570,boughtfully,1,Neutral,TH
1571,paid,1,Neutral,TH
1572,guard,1,Neutral,TH
1573,lack,1,Negative,TH
1574,pulling,1,Neutral,TH
1575,timeorder,1,Neutral,TH
1576,shifting,1,Neutral,TH
1577,preorders,1,Neutral,TH
1578,ability,1,Positive,TH
1579,pellules,1,Neutral,TH
1580,thatlatest,1,Neutral,TH
1581,dodo,1,Neutral,TH
1582,kg,1,Neutral,TH
1583,lifting,1,Neutral,TH
1584,build,1,Neutral,TH
1585,muscleadjustable,1,Neutral,TH
1586,fitness,1,Positive,TH
1587,dumbbells,1,Negative,TH
1588,thank,1,Positive,TH
1589,muchthe,1,Neutral,TH
1590,arrivedcome,1,Neutral,TH
1591,boxnot,1,Neutral,TH
1592,newly,1,Neutral,TH
1593,renan,1,Neutral,TH
1594,workevery,1,Neutral,TH
1595,sloppy,1,Neutral,TH
1596,stainssend,1,Neutral,TH
1597,fertilizer,1,Neutral,TH
1598,sacksthe,1,Neutral,TH
1599,warehouse,1,Neutral,TH
1600,suggest,1,Neutral,TH
1601,sundayunderstand,1,Neutral,TH
1602,agency,1,Neutral,TH
1603,wellunderstand,1,Neutral,TH
1604,word,1,Neutral,TH
1605,deliciousbut,1,Neutral,TH
1606,carelessknowing,1,Neutral,TH
1607,heavywill,1,Neutral,TH
1608,megood,1,Neutral,TH
1609,beyond,1,Neutral,TH
1610,okdo,1,Neutral,TH
1611,monthvery,1,Neutral,TH
1612,aboutnot,1,Neutral,TH
1613,stalking,1,Neutral,TH
1614,stembecause,1,Neutral,TH
1615,lazda,1,Neutral,TH
1616,stemdo,1,Neutral,TH
1617,personmaintain,1,Neutral,TH
1618,droplet,1,Neutral,TH
1619,tube,1,Neutral,TH
1620,sunday,1,Neutral,TH
1621,afternoonconsidered,1,Neutral,TH
1622,itemslower,1,Neutral,TH
1623,shoppy,1,Neutral,TH
1624,boson,1,Neutral,TH
1625,omorons,1,Neutral,TH
1626,daydont,1,Neutral,TH
1627,errors,1,Negative,TH
1628,kovillo,1,Neutral,TH
1629,wreck,1,Negative,TH
1630,damagedbut,1,Neutral,TH
1631,seriousbecause,1,Neutral,TH
1632,agethere,1,Neutral,TH
1633,sensitivityso,1,Neutral,TH
1634,threw,1,Neutral,TH
1635,car,1,Neutral,TH
1636,race,1,Neutral,TH
1637,mother,1,Neutral,TH
1638,offense,1,Negative,TH
1639,storewell,1,Neutral,TH
1640,housefor,1,Neutral,TH
1641,emergency,1,Negative,TH
1642,usethe,1,Neutral,TH
1643,sloworder,1,Neutral,TH
1644,export,1,Neutral,TH
1645,storesit,1,Neutral,TH
1646,shipthe,1,Neutral,TH
1647,orderedin,1,Neutral,TH
1648,section,1,Neutral,TH
1649,beforeill,1,Neutral,TH
1650,infected,1,Negative,TH
1651,aroundorder,1,Neutral,TH
1652,finebut,1,Neutral,TH
1653,answering,1,Neutral,TH
1654,deliverasked,1,Neutral,TH
1655,askeduntil,1,Neutral,TH
1656,productproducts,1,Neutral,TH
1657,meet,1,Neutral,TH
1658,advertisedthe,1,Neutral,TH
1659,testbut,1,Neutral,TH
1660,daysboth,1,Neutral,TH
1661,notification,1,Neutral,TH
1662,notchat,1,Neutral,TH
1663,messageone,1,Neutral,TH
1664,stickerwant,1,Neutral,TH
1665,ownwhen,1,Neutral,TH
1666,responsewho,1,Neutral,TH
1667,immediatelyordered,1,Neutral,TH
1668,secondgood,1,Neutral,TH
1669,sendmany,1,Neutral,TH
1670,discouraged,1,Negative,TH
1671,roundsbut,1,Neutral,TH
1672,reaching,1,Positive,TH
1673,transportthe,1,Neutral,TH
1674,criticism,1,Negative,TH
1675,blessbut,1,Neutral,TH
1676,slowlyif,1,Neutral,TH
1677,deliveryhow,1,Neutral,TH
1678,waitgood,1,Neutral,TH
1679,flaws,1,Neutral,TH
1680,daily,1,Neutral,TH
1681,followingwhen,1,Neutral,TH
1682,sendasked,1,Neutral,TH
1683,askedi,1,Neutral,TH
1684,care,1,Positive,TH
1685,hurries,1,Neutral,TH
1686,advancegood,1,Neutral,TH
1687,productsis,1,Neutral,TH
1688,wooden,1,Neutral,TH
1689,dupla,1,Neutral,TH
1690,somewhat,1,Neutral,TH
1691,cursed,1,Neutral,TH
1692,fullestordered,1,Neutral,TH
1693,scold,1,Negative,TH
1694,askonly,1,Neutral,TH
1695,tells,1,Neutral,TH
1696,truecan,1,Neutral,TH
1697,timesbecause,1,Neutral,TH
1698,sendnot,1,Neutral,TH
1699,cheatingbut,1,Neutral,TH
1700,claritywhat,1,Neutral,TH
1701,itnot,1,Neutral,TH
1702,spring,1,Neutral,TH
1703,nosein,1,Neutral,TH
1704,refrain,1,Neutral,TH
1705,checking,1,Neutral,TH
1706,medical,1,Neutral,TH
1707,standards,1,Neutral,TH
1708,hipbio,1,Neutral,TH
1709,yang,1,Neutral,TH
1710,shockproofing,1,Neutral,TH
1711,questions,1,Neutral,TH
1712,refuse,1,Negative,TH
1713,refusing,1,Negative,TH
1714,oncehow,1,Neutral,TH
1715,askwait,1,Neutral,TH
1716,terribleshould,1,Neutral,TH
1717,problemswhy,1,Neutral,TH
1718,passed,1,Neutral,TH
1719,badno,1,Neutral,TH
1720,questiontell,1,Neutral,TH
1721,orderrefused,1,Neutral,TH
1722,cancelsaying,1,Neutral,TH
1723,gotthe,1,Neutral,TH
1724,itsince,1,Neutral,TH
1725,shopfirst,1,Neutral,TH
1726,last,1,Neutral,TH
1727,habe,1,Neutral,TH
1728,readingonce,1,Neutral,TH
1729,atk,1,Neutral,TH
1730,imitation,1,Neutral,TH
1731,goodspoor,1,Neutral,TH
1732,servicespoor,1,Neutral,TH
1733,quarantine,1,Neutral,TH
1734,detained,1,Negative,TH
1735,coming,1,Neutral,TH
1736,stray,1,Neutral,TH
1737,kids,1,Neutral,TH
1738,maniac,1,Negative,TH
1739,mv,1,Neutral,TH
1740,youtube,1,Neutral,TH
1741,worse,1,Negative,TH
1742,timewhen,1,Neutral,TH
1743,moneysince,1,Neutral,TH
1744,shopeenever,1,Neutral,TH
1745,starbut,1,Neutral,TH
1746,reallybad,1,Neutral,TH
1747,showing,1,Neutral,TH
1748,stembut,1,Neutral,TH
1749,stemsuggestions,1,Neutral,TH
1750,separate,1,Neutral,TH
1751,whether,1,Neutral,TH
1752,wants,1,Neutral,TH
1753,stalkbut,1,Neutral,TH
1754,necessary,1,Neutral,TH
1755,problemtransport,1,Neutral,TH
1756,shortly,1,Neutral,TH
1757,timepress,1,Neutral,TH
1758,cancelwho,1,Neutral,TH
1759,answerenough,1,Neutral,TH
1760,ordersbecause,1,Neutral,TH
1761,defined,1,Neutral,TH
1762,arrive,1,Neutral,TH
1763,denies,1,Negative,TH
1764,todays,1,Neutral,TH
1765,refusalbut,1,Neutral,TH
1766,anythingthen,1,Neutral,TH
1767,slowordered,1,Neutral,TH
1768,actual,1,Neutral,TH
1769,impressedsay,1,Neutral,TH
1770,timesbut,1,Neutral,TH
1771,productif,1,Neutral,TH
1772,recommendbut,1,Neutral,TH
1773,shopthan,1,Neutral,TH
1774,expire,1,Neutral,TH
1775,slowlyso,1,Neutral,TH
1776,scheduled,1,Neutral,TH
1777,dayswhen,1,Neutral,TH
1778,completesay,1,Neutral,TH
1779,sentwhen,1,Neutral,TH
1780,cancelif,1,Neutral,TH
1781,correction,1,Neutral,TH
1782,messageno,1,Neutral,TH
1783,stimulate,1,Positive,TH
1784,yourselfno,1,Neutral,TH
1785,information,1,Neutral,TH
1786,slowis,1,Neutral,TH
1787,sendboth,1,Neutral,TH
1788,campaign,1,Neutral,TH
1789,perioduntil,1,Neutral,TH
1790,possiblehabe,1,Neutral,TH
1791,respondedcome,1,Neutral,TH
1792,againunderstand,1,Neutral,TH
1793,longeruntil,1,Neutral,TH
1794,cancelbut,1,Neutral,TH
1795,canceling,1,Neutral,TH
1796,orderrequesting,1,Neutral,TH
1797,timein,1,Neutral,TH
1798,powerbut,1,Neutral,TH
1799,sendmust,1,Neutral,TH
1800,rounds,1,Neutral,TH
1801,sendand,1,Neutral,TH
1802,slowi,1,Neutral,TH
1803,chatwe,1,Neutral,TH
1804,transportso,1,Neutral,TH
1805,cancelis,1,Neutral,TH
1806,orderboth,1,Neutral,TH
1807,refusedsome,1,Neutral,TH
1808,soonwe,1,Neutral,TH
1809,distracted,1,Negative,TH
1810,swollen,1,Neutral,TH
1811,yesis,1,Neutral,TH
1812,thisboth,1,Neutral,TH
1813,yoke,1,Neutral,TH
1814,women,1,Neutral,TH
1815,men,1,Neutral,TH
1816,meanother,1,Neutral,TH
1817,toonow,1,Neutral,TH
1818,issue,1,Neutral,TH
1819,rotate,1,Neutral,TH
1820,soonsummary,1,Neutral,TH
1821,release,1,Neutral,TH
1822,hotspot,1,Neutral,TH
1823,phone,1,Neutral,TH
1824,speed,1,Neutral,TH
1825,six,1,Neutral,TH
1826,emotions,1,Neutral,TH
1827,dayswaiting,1,Neutral,TH
1828,fasteasy,1,Neutral,TH
1829,highest,1,Neutral,TH
1830,packsunstable,1,Neutral,TH
1831,internetthe,1,Neutral,TH
1832,answerunfortunately,1,Neutral,TH
1833,life,1,Neutral,TH
1834,lateand,1,Neutral,TH
1835,sim,1,Neutral,TH
1836,connector,1,Neutral,TH
1837,embedded,1,Neutral,TH
1838,allvery,1,Neutral,TH
1839,updating,1,Neutral,TH
1840,transportationcome,1,Neutral,TH
1841,provinces,1,Neutral,TH
1842,angry,1,Negative,TH
1843,router,1,Neutral,TH
1844,whilecan,1,Neutral,TH
1845,connectsometimes,1,Neutral,TH
1846,sureis,1,Neutral,TH
1847,signal,1,Neutral,TH
1848,routine,1,Neutral,TH
1849,machinethis,1,Neutral,TH
1850,surethe,1,Neutral,TH
1851,transmission,1,Neutral,TH
1852,weak,1,Negative,TH
1853,reveals,1,Neutral,TH
1854,rooster,1,Neutral,TH
1855,man,1,Neutral,TH
1856,wore,1,Neutral,TH
1857,ep,1,Neutral,TH
1858,killing,1,Negative,TH
1859,ept,1,Neutral,TH
1860,passednot,1,Neutral,TH
1861,mention,1,Neutral,TH
1862,peoplein,1,Neutral,TH
1863,actuallyhow,1,Neutral,TH
1864,sensitivethere,1,Neutral,TH
1865,wires,1,Neutral,TH
1866,unsure,1,Negative,TH
1867,endure,1,Neutral,TH
1868,minutesmouse,1,Neutral,TH
1869,drag,1,Negative,TH
1870,rarelyone,1,Neutral,TH
1871,delayso,1,Neutral,TH
1872,timessilent,1,Neutral,TH
1873,clicklets,1,Neutral,TH
1874,chinaslowly,1,Neutral,TH
1875,move,1,Neutral,TH
1876,mouse,1,Neutral,TH
1877,rarelyclicklike,1,Neutral,TH
1878,clicked,1,Neutral,TH
1879,nubwothe,1,Neutral,TH
1880,summary,1,Neutral,TH
1881,productsthere,1,Neutral,TH
1882,hurrygood,1,Neutral,TH
1883,damagewell,1,Neutral,TH
1884,hurrycute,1,Neutral,TH
1885,daysthe,1,Neutral,TH
1886,wrappedtry,1,Neutral,TH
1887,itwhat,1,Neutral,TH
1888,productdoes,1,Neutral,TH
1889,anythingimportantly,1,Neutral,TH
1890,keypad,1,Neutral,TH
1891,softsoft,1,Neutral,TH
1892,soundbarely,1,Neutral,TH
1893,heard,1,Neutral,TH
1894,mount,1,Neutral,TH
1895,continue,1,Neutral,TH
1896,easyand,1,Neutral,TH
1897,extremeone,1,Neutral,TH
1898,tightnothing,1,Neutral,TH
1899,usedgive,1,Neutral,TH
1900,firstif,1,Neutral,TH
1901,starbecause,1,Neutral,TH
1902,okayuse,1,Neutral,TH
1903,normallyquite,1,Neutral,TH
1904,sensitivetransport,1,Neutral,TH
1905,wellbeautiful,1,Neutral,TH
1906,daughterwhen,1,Neutral,TH
1907,signalso,1,Neutral,TH
1908,charged,1,Negative,TH
1909,productswait,1,Neutral,TH
1910,thinkdo,1,Neutral,TH
1911,compact,1,Neutral,TH
1912,agocompact,1,Neutral,TH
1913,alonetry,1,Neutral,TH
1914,hotwrapped,1,Neutral,TH
1915,slowthere,1,Neutral,TH
1916,meets,1,Neutral,TH
1917,sidethe,1,Neutral,TH
1918,plastichot,1,Neutral,TH
1919,calmly,1,Positive,TH
1920,hoteat,1,Neutral,TH
1921,comfortablybut,1,Neutral,TH
1922,oil,1,Neutral,TH
1923,baconmust,1,Neutral,TH
1924,oilotherwisecleaning,1,Neutral,TH
1925,easydo,1,Neutral,TH
1926,controlling,1,Neutral,TH
1927,coated,1,Neutral,TH
1928,farmhow,1,Neutral,TH
1929,wellsuitable,1,Neutral,TH
1930,emotionssuitable,1,Neutral,TH
1931,start,1,Neutral,TH
1932,pages,1,Neutral,TH
1933,buyno,1,Neutral,TH
1934,heat,1,Neutral,TH
1935,son,1,Neutral,TH
1936,eats,1,Neutral,TH
1937,pork,1,Neutral,TH
1938,ripein,1,Neutral,TH
1939,productunfortunately,1,Neutral,TH
1940,imagethe,1,Neutral,TH
1941,dropdown,1,Neutral,TH
1942,sells,1,Neutral,TH
1943,ratings,1,Neutral,TH
1944,timecan,1,Neutral,TH
1945,seeingpress,1,Neutral,TH
1946,expectedis,1,Neutral,TH
1947,shopquite,1,Neutral,TH
1948,goodput,1,Neutral,TH
1949,neat,1,Positive,TH
1950,beautifulbut,1,Neutral,TH
1951,hold,1,Neutral,TH
1952,confusedto,1,Neutral,TH
1953,holdthe,1,Neutral,TH
1954,beautiful,1,Positive,TH
1955,getthe,1,Neutral,TH
1956,yala,1,Neutral,TH
1957,base,1,Neutral,TH
1958,himselfstuck,1,Neutral,TH
1959,bass,1,Neutral,TH
1960,shopnot,1,Neutral,TH
1961,viewedthe,1,Neutral,TH
1962,condo,1,Neutral,TH
1963,febs,1,Neutral,TH
1964,mar,1,Neutral,TH
1965,chinabut,1,Neutral,TH
1966,itemthe,1,Neutral,TH
1967,country,1,Neutral,TH
1968,blamevery,1,Neutral,TH
1969,bh,1,Neutral,TH
1970,cutefrom,1,Neutral,TH
1971,abroadwait,1,Neutral,TH
1972,ten,1,Neutral,TH
1973,longimpressed,1,Neutral,TH
1974,mosttake,1,Neutral,TH
1975,orderedproducts,1,Neutral,TH
1976,blameput,1,Neutral,TH
1977,packof,1,Neutral,TH
1978,damageddelivery,1,Neutral,TH
1979,foreign,1,Neutral,TH
1980,countries,1,Neutral,TH
1981,festival,1,Positive,TH
1982,imported,1,Neutral,TH
1983,delays,1,Neutral,TH
1984,advertising,1,Neutral,TH
1985,media,1,Neutral,TH
1986,packaging,1,Neutral,TH
1987,valuewait,1,Neutral,TH
1988,weekthe,1,Neutral,TH
1989,understood,1,Neutral,TH
1990,abroadwaiting,1,Neutral,TH
1991,successfullywait,1,Neutral,TH
1992,completedof,1,Neutral,TH
1993,folded,1,Neutral,TH
1994,crease,1,Neutral,TH
1995,whileits,1,Neutral,TH
1996,useit,1,Neutral,TH
1997,slowand,1,Neutral,TH
1998,priceit,1,Neutral,TH
1999,servicedelivery,1,Neutral,TH
2000,casethe,1,Neutral,TH
2001,freight,1,Neutral,TH
2002,storehe,1,Neutral,TH
2003,allwe,1,Neutral,TH
2004,roundscall,1,Neutral,TH
2005,centerboth,1,Neutral,TH
2006,branchesbass,1,Neutral,TH
2007,sizethe,1,Neutral,TH
2008,damagesoft,1,Neutral,TH
2009,fur,1,Neutral,TH
2010,matsmaybe,1,Neutral,TH
2011,pricecan,1,Neutral,TH
2012,bahtsize,1,Neutral,TH
2013,plateordered,1,Neutral,TH
2014,cat,1,Neutral,TH
2015,houseduring,1,Neutral,TH
2016,weather,1,Neutral,TH
2017,warm,1,Positive,TH
2018,slowest,1,Neutral,TH
2019,expanded,1,Neutral,TH
2020,automated,1,Neutral,TH
2021,systembut,1,Neutral,TH
2022,post,1,Neutral,TH
2023,rejected,1,Negative,TH
2024,slowlywait,1,Neutral,TH
2025,cancelsend,1,Neutral,TH
2026,productsbut,1,Neutral,TH
2027,brownspend,1,Neutral,TH
2028,forever,1,Neutral,TH
2029,colors,1,Neutral,TH
2030,timenot,1,Neutral,TH
2031,delaythan,1,Neutral,TH
2032,duration,1,Neutral,TH
2033,beforethe,1,Neutral,TH
2034,okworth,1,Neutral,TH
2035,longfolded,1,Neutral,TH
2036,pastry,1,Neutral,TH
2037,postage,1,Neutral,TH
2038,floorif,1,Neutral,TH
2039,stain,1,Neutral,TH
2040,hairs,1,Neutral,TH
2041,aspect,1,Neutral,TH
2042,clipoverall,1,Neutral,TH
2043,cuts,1,Negative,TH
2044,softnesstransportation,1,Neutral,TH
2045,tighttransportation,1,Neutral,TH
2046,tighttransport,1,Neutral,TH
2047,softbeautiful,1,Neutral,TH
2048,falling,1,Negative,TH
2049,longnot,1,Neutral,TH
2050,thoughtfulbut,1,Neutral,TH
2051,ugly,1,Negative,TH
2052,feels,1,Neutral,TH
2053,straightfor,1,Neutral,TH
2054,carpets,1,Neutral,TH
2055,sized,1,Neutral,TH
2056,longgood,1,Neutral,TH
2057,cell,1,Neutral,TH
2058,receivedbut,1,Neutral,TH
2059,mistake,1,Negative,TH
2060,piecesat,1,Neutral,TH
2061,refundbut,1,Neutral,TH
2062,moreso,1,Neutral,TH
2063,wrongthe,1,Neutral,TH
2064,okaykeep,1,Neutral,TH
2065,yourselfand,1,Neutral,TH
2066,anotherwaiting,1,Neutral,TH
2067,concluded,1,Neutral,TH
2068,alongbut,1,Neutral,TH
2069,goodenough,1,Neutral,TH
2070,taking,1,Neutral,TH
2071,video,1,Neutral,TH
2072,alkalibaht,1,Neutral,TH
2073,wears,1,Neutral,TH
2074,half,1,Neutral,TH
2075,fold,1,Neutral,TH
2076,orderednin,1,Neutral,TH
2077,shopthis,1,Neutral,TH
2078,randomly,1,Neutral,TH
2079,risky,1,Negative,TH
2080,labellike,1,Neutral,TH
2081,garbage,1,Neutral,TH
2082,slowin,1,Neutral,TH
2083,colordo,1,Neutral,TH
2084,storesbut,1,Neutral,TH
2085,periodbut,1,Neutral,TH
2086,offers,1,Neutral,TH
2087,refundi,1,Neutral,TH
2088,shopbut,1,Neutral,TH
2089,storewaiting,1,Neutral,TH
2090,usualthe,1,Neutral,TH
2091,bumpat,1,Neutral,TH
2092,fragile,1,Neutral,TH
2093,usage,1,Neutral,TH
2094,trybut,1,Neutral,TH
2095,goodaccording,1,Neutral,TH
2096,area,1,Neutral,TH
2097,slowproducts,1,Neutral,TH
2098,bumpedthe,1,Neutral,TH
2099,fastnormal,1,Neutral,TH
2100,transfer,1,Neutral,TH
2101,modelby,1,Neutral,TH
2102,sends,1,Neutral,TH
2103,tighttry,1,Neutral,TH
2104,daythink,1,Neutral,TH
2105,spinning,1,Neutral,TH
2106,loudness,1,Neutral,TH
2107,poorlike,1,Neutral,TH
2108,wellreally,1,Neutral,TH
2109,gold,1,Neutral,TH
2110,noso,1,Neutral,TH
2111,computermust,1,Neutral,TH
2112,machinedont,1,Neutral,TH
2113,othersecretly,1,Neutral,TH
2114,forget,1,Negative,TH
2115,desire,1,Positive,TH
2116,disappeared,1,Negative,TH
2117,problemthe,1,Neutral,TH
2118,especially,1,Neutral,TH
2119,sensitivebut,1,Neutral,TH
2120,made,1,Neutral,TH
2121,contacting,1,Neutral,TH
2122,replied,1,Neutral,TH
2123,hrs,1,Neutral,TH
2124,bahtspx,1,Neutral,TH
2125,spx,1,Neutral,TH
2126,hate,1,Negative,TH
2127,opened,1,Neutral,TH
2128,phase,1,Neutral,TH
2129,group,1,Neutral,TH
2130,usused,1,Neutral,TH
2131,normallydo,1,Neutral,TH
2132,longrecently,1,Neutral,TH
2133,migrated,1,Neutral,TH
2134,seagate,1,Neutral,TH
2135,alreadyand,1,Neutral,TH
2136,convert,1,Neutral,TH
2137,filesto,1,Neutral,TH
2138,worknot,1,Neutral,TH
2139,seriesthe,1,Neutral,TH
2140,seriesthere,1,Neutral,TH
2141,file,1,Neutral,TH
2142,conversionoverall,1,Neutral,TH
2143,goodjust,1,Neutral,TH
2144,specifiedno,1,Neutral,TH
2145,problemstick,1,Neutral,TH
2146,slowlyuntil,1,Neutral,TH
2147,extend,1,Positive,TH
2148,timebecause,1,Neutral,TH
2149,cancellation,1,Neutral,TH
2150,center,1,Neutral,TH
2151,fastaccording,1,Neutral,TH
2152,submissionbut,1,Neutral,TH
2153,durable,1,Neutral,TH
2154,shipment,1,Neutral,TH
2155,gok,1,Neutral,TH
2156,transportationwill,1,Neutral,TH
2157,problemif,1,Neutral,TH
2158,updated,1,Neutral,TH
2159,listen,1,Neutral,TH
2160,sentfit,1,Neutral,TH
2161,understandcan,1,Neutral,TH
2162,purchased,1,Neutral,TH
2163,third,1,Neutral,TH
2164,successfullycan,1,Neutral,TH
2165,deliveryeven,1,Neutral,TH
2166,stopsellerwin,1,Neutral,TH
2167,normallyno,1,Neutral,TH
2168,problemthere,1,Neutral,TH
2169,shocks,1,Negative,TH
2170,affected,1,Negative,TH
2171,boxsend,1,Neutral,TH
2172,sensitivity,1,Neutral,TH
2173,sd,1,Neutral,TH
2174,card,1,Neutral,TH
2175,vouchermust,1,Neutral,TH
2176,advicecant,1,Neutral,TH
2177,computerthe,1,Neutral,TH
2178,free,1,Positive,TH
2179,productpack,1,Neutral,TH
2180,holiday,1,Positive,TH
2181,slowbuy,1,Neutral,TH
2182,discountsonly,1,Neutral,TH
2183,glowing,1,Neutral,TH
2184,slowtransport,1,Neutral,TH
2185,slide,1,Neutral,TH
2186,gettransport,1,Neutral,TH
2187,b,1,Neutral,TH
2188,itcontact,1,Neutral,TH
2189,cyclestired,1,Neutral,TH
2190,helpwell,1,Neutral,TH
2191,transit,1,Neutral,TH
2192,timesdo,1,Neutral,TH
2193,ring,1,Neutral,TH
2194,housechange,1,Neutral,TH
2195,signatures,1,Neutral,TH
2196,giveaway,1,Neutral,TH
2197,helmet,1,Neutral,TH
2198,inserted,1,Neutral,TH
2199,informs,1,Neutral,TH
2200,supportnow,1,Neutral,TH
2201,productbecause,1,Neutral,TH
2202,seven,1,Neutral,TH
2203,golf,1,Neutral,TH
2204,files,1,Neutral,TH
2205,transportationlong,1,Neutral,TH
2206,transportationsaid,1,Neutral,TH
2207,powercustomers,1,Neutral,TH
2208,forbut,1,Neutral,TH
2209,contacted,1,Neutral,TH
2210,transportcome,1,Neutral,TH
2211,requests,1,Neutral,TH
2212,roundssaid,1,Neutral,TH
2213,genuine,1,Neutral,TH
2214,rating,1,Neutral,TH
2215,checkless,1,Neutral,TH
2216,descent,1,Neutral,TH
2217,external,1,Neutral,TH
2218,disk,1,Neutral,TH
2219,smallsuitable,1,Neutral,TH
2220,carryingthe,1,Neutral,TH
2221,roll,1,Neutral,TH
2222,goodcheaper,1,Neutral,TH
2223,mallthe,1,Neutral,TH
2224,damagethe,1,Neutral,TH
2225,thatbut,1,Neutral,TH
2226,triedthink,1,Neutral,TH
2227,itemcan,1,Neutral,TH
2228,normallythink,1,Neutral,TH
2229,capacity,1,Neutral,TH
2230,loudthe,1,Neutral,TH
2231,shortdifficult,1,Neutral,TH
2232,toothtransportation,1,Neutral,TH
2233,goodto,1,Neutral,TH
2234,badand,1,Neutral,TH
2235,emphasized,1,Neutral,TH
2236,makegood,1,Neutral,TH
2237,badwhen,1,Neutral,TH
2238,hours,1,Neutral,TH
2239,himwhen,1,Neutral,TH
2240,replythe,1,Neutral,TH
2241,clip,1,Neutral,TH
2242,teach,1,Neutral,TH
2243,shamethe,1,Neutral,TH
2244,text,1,Neutral,TH
2245,blocks,1,Negative,TH
2246,shopwho,1,Neutral,TH
2247,qualityaftersales,1,Neutral,TH
2248,productgood,1,Neutral,TH
2249,servicemoderate,1,Neutral,TH
2250,tt,1,Neutral,TH
2251,push,1,Neutral,TH
2252,boothslowshould,1,Neutral,TH
2253,bracket,1,Neutral,TH
2254,besides,1,Neutral,TH
2255,ignition,1,Neutral,TH
2256,similarthe,1,Neutral,TH
2257,cost,1,Neutral,TH
2258,changeand,1,Neutral,TH
2259,output,1,Neutral,TH
2260,itselfand,1,Neutral,TH
2261,tears,1,Negative,TH
2262,paper,1,Neutral,TH
2263,stickbut,1,Neutral,TH
2264,goodwaste,1,Neutral,TH
2265,paperbecause,1,Neutral,TH
2266,satisfiedput,1,Neutral,TH
2267,roundprinter,1,Neutral,TH
2268,itemwell,1,Neutral,TH
2269,goodplease,1,Neutral,TH
2270,princime,1,Neutral,TH
2271,clearthe,1,Neutral,TH
2272,shopees,1,Neutral,TH
2273,tryif,1,Neutral,TH
2274,obvious,1,Neutral,TH
2275,translates,1,Neutral,TH
2276,fastanswer,1,Neutral,TH
2277,daysbut,1,Neutral,TH
2278,forgetting,1,Neutral,TH
2279,greenshould,1,Neutral,TH
2280,conscious,1,Neutral,TH
2281,deliverysend,1,Neutral,TH
2282,itplus,1,Neutral,TH
2283,wrinkle,1,Neutral,TH
2284,calling,1,Neutral,TH
2285,facebook,1,Neutral,TH
2286,knowbecause,1,Neutral,TH
2287,orderobtainedgreen,1,Neutral,TH
2288,ohthan,1,Neutral,TH
2289,colorthinking,1,Neutral,TH
2290,timefinally,1,Neutral,TH
2291,selecteddont,1,Neutral,TH
2292,returneddont,1,Neutral,TH
2293,easythink,1,Neutral,TH
2294,reality,1,Neutral,TH
2295,usebut,1,Neutral,TH
2296,slowlyup,1,Neutral,TH
2297,shy,1,Negative,TH
2298,graythe,1,Neutral,TH
2299,hatari,1,Neutral,TH
2300,blue,1,Neutral,TH
2301,stressed,1,Negative,TH
2302,simultaneous,1,Neutral,TH
2303,daybut,1,Neutral,TH
2304,usecool,1,Neutral,TH
2305,forcethe,1,Neutral,TH
2306,productinitially,1,Neutral,TH
2307,quicklythe,1,Neutral,TH
2308,packednothing,1,Neutral,TH
2309,damagedbig,1,Neutral,TH
2310,powerwith,1,Neutral,TH
2311,baked,1,Neutral,TH
2312,materialuse,1,Neutral,TH
2313,c,1,Neutral,TH
2314,reduction,1,Neutral,TH
2315,receivedwaiting,1,Neutral,TH
2316,longthink,1,Neutral,TH
2317,brokenshould,1,Neutral,TH
2318,checkedthe,1,Neutral,TH
2319,customerbut,1,Neutral,TH
2320,fan,1,Positive,TH
2321,insteaddont,1,Neutral,TH
2322,problemsfast,1,Neutral,TH
2323,deliveryat,1,Neutral,TH
2324,fanbut,1,Neutral,TH
2325,materialsbut,1,Neutral,TH
2326,encountering,1,Neutral,TH
2327,weeks,1,Neutral,TH
2328,fair,1,Positive,TH
2329,switch,1,Neutral,TH
2330,originalblue,1,Neutral,TH
2331,typical,1,Neutral,TH
2332,needed,1,Neutral,TH
2333,completeanswer,1,Neutral,TH
2334,restbut,1,Neutral,TH
2335,j,1,Neutral,TH
2336,liability,1,Negative,TH
2337,symbol,1,Neutral,TH
2338,silent,1,Neutral,TH
2339,personal,1,Neutral,TH
2340,lines,1,Neutral,TH
2341,thinkthought,1,Neutral,TH
2342,wellnothing,1,Neutral,TH
2343,boxcausing,1,Neutral,TH
2344,shortvery,1,Neutral,TH
2345,daythe,1,Neutral,TH
2346,quicklychat,1,Neutral,TH
2347,noise,1,Neutral,TH
2348,problemsmaking,1,Neutral,TH
2349,limited,1,Negative,TH
2350,prevent,1,Neutral,TH
2351,disappearancebut,1,Neutral,TH
2352,companies,1,Neutral,TH
2353,againwe,1,Neutral,TH
2354,partbut,1,Neutral,TH
2355,complaintdo,1,Neutral,TH
2356,thinkfeel,1,Neutral,TH
2357,camera,1,Neutral,TH
2358,problemis,1,Neutral,TH
2359,formso,1,Neutral,TH
2360,exam,1,Neutral,TH
2361,returnthan,1,Neutral,TH
2362,timelike,1,Neutral,TH
2363,administration,1,Neutral,TH
2364,aboutthan,1,Neutral,TH
2365,understandbut,1,Neutral,TH
2366,longmadnessnot,1,Neutral,TH
2367,usedthe,1,Neutral,TH
2368,lens,1,Neutral,TH
2369,adjustedcan,1,Neutral,TH
2370,itkeep,1,Neutral,TH
2371,kremreturned,1,Neutral,TH
2372,enoughsend,1,Neutral,TH
2373,timeand,1,Neutral,TH
2374,testsdo,1,Neutral,TH
2375,temper,1,Negative,TH
2376,improved,1,Positive,TH
2377,arrivedno,1,Neutral,TH
2378,goodnot,1,Neutral,TH
2379,impaired,1,Neutral,TH
2380,paidthe,1,Neutral,TH
2381,deliveryif,1,Neutral,TH
2382,everywhere,1,Neutral,TH